{"accuracy": [0.7291203737258911, 0.8602731227874756, 0.9053667783737183, 0.926325798034668, 0.9336297512054443, 0.9358526468276978, 0.9469673037528992, 0.9517307281494141, 0.9590346217155457, 0.9618926644325256], "loss": [0.7029495239257812, 0.3650626838207245, 0.25818297266960144, 0.20813588798046112, 0.181609645485878, 0.1683705896139145, 0.1488611251115799, 0.13111674785614014, 0.10896077752113342, 0.1090298742055893], "val_accuracy": [0.8711110949516296, 0.9274073839187622, 0.9437037110328674, 0.9555555582046509, 0.9570370316505432, 0.965925931930542, 0.9688888788223267, 0.9674074053764343, 0.9688888788223267, 0.970370352268219], "val_loss": [0.49693799018859863, 0.28855791687965393, 0.19652493298053741, 0.14417612552642822, 0.12379731237888336, 0.10465405136346817, 0.09543320536613464, 0.09307122230529785, 0.08057098835706711, 0.07867614179849625]}