{"accuracy": [0.672912061214447, 0.8532867431640625, 0.8882184624671936, 0.9044141173362732, 0.926325798034668, 0.9358526468276978, 0.9368053078651428, 0.938075602054596, 0.9402984976768494, 0.9536360502243042], "loss": [0.9296949505805969, 0.4002896845340729, 0.30180779099464417, 0.2456764280796051, 0.20829357206821442, 0.17808794975280762, 0.1686982810497284, 0.15769211947917938, 0.16793885827064514, 0.14449964463710785], "val_accuracy": [0.8740741014480591, 0.9051851630210876, 0.9125925898551941, 0.9259259104728699, 0.9303703904151917, 0.9348148107528687, 0.936296284198761, 0.9377777576446533, 0.9333333373069763, 0.9451851844787598], "val_loss": [0.4033547043800354, 0.27482202649116516, 0.219853475689888, 0.1943557858467102, 0.17865963280200958, 0.1688561737537384, 0.16170310974121094, 0.15579526126384735, 0.1548123061656952, 0.15053972601890564]}