{"accuracy": [0.7430930733680725, 0.8361384272575378, 0.8424896597862244, 0.8478882312774658, 0.855827271938324, 0.8609082102775574, 0.8739282488822937, 0.8688472509384155, 0.8840901851654053, 0.8767862915992737, 0.8844077587127686], "loss": [0.8832823038101196, 0.38768693804740906, 0.3552822768688202, 0.3422865867614746, 0.3283444046974182, 0.3449665307998657, 0.30286622047424316, 0.30317962169647217, 0.2781344950199127, 0.2899995744228363, 0.273589164018631], "val_accuracy": [0.4681481420993805, 0.48444443941116333, 0.6014814972877502, 0.7718518376350403, 0.6607407331466675, 0.8918518424034119, 0.6370370388031006, 0.49481481313705444, 0.6399999856948853, 0.7955555319786072, 0.7955555319786072], "val_loss": [1.5422327518463135, 0.9370499849319458, 0.925390899181366, 0.46521636843681335, 0.8411357998847961, 0.28805145621299744, 6.845538139343262, 5.49683141708374, 1.027951955795288, 0.8921545147895813, 1.6320629119873047]}